,Apple___Apple_scab,Apple___Black_rot,Apple___Cedar_apple_rust,Apple___healthy,Blueberry___healthy,Cherry_(including_sour)___Powdery_mildew,Cherry_(including_sour)___healthy,Corn_(maize)___Cercospora_leaf_spot Gray_leaf_spot,Corn_(maize)___Common_rust_,Corn_(maize)___Northern_Leaf_Blight,Corn_(maize)___healthy,Grape___Black_rot,Grape___Esca_(Black_Measles),Grape___Leaf_blight_(Isariopsis_Leaf_Spot),Grape___healthy,Orange___Haunglongbing_(Citrus_greening),Peach___Bacterial_spot,Peach___healthy,"Pepper,_bell___Bacterial_spot","Pepper,_bell___healthy",Potato___Early_blight,Potato___Late_blight,Potato___healthy,Raspberry___healthy,Soybean___healthy,Squash___Powdery_mildew,Strawberry___Leaf_scorch,Strawberry___healthy,Tomato___Bacterial_spot,Tomato___Early_blight,Tomato___Late_blight,Tomato___Leaf_Mold,Tomato___Septoria_leaf_spot,Tomato___Spider_mites Two-spotted_spider_mite,Tomato___Target_Spot,Tomato___Tomato_Yellow_Leaf_Curl_Virus,Tomato___Tomato_mosaic_virus,Tomato___healthy
Apple___Apple_scab,69,0,11,3,0,3,5,0,0,0,0,0,0,0,0,0,2,0,0,0,2,1,0,0,0,0,2,1,0,0,0,0,1,0,0,0,0,0
Apple___Black_rot,2,80,2,0,0,0,12,0,0,0,0,0,0,0,1,0,0,0,1,0,0,0,0,0,0,0,1,0,0,1,0,0,0,0,0,0,0,0
Apple___Cedar_apple_rust,5,1,43,0,0,0,0,0,0,0,0,0,0,0,0,0,0,0,1,0,0,0,0,0,0,0,2,0,0,0,1,2,0,0,0,0,0,0
Apple___healthy,1,0,0,73,0,0,21,0,0,0,0,0,0,0,0,0,0,1,0,2,0,0,0,0,2,0,0,1,0,0,0,0,0,0,0,0,0,0
Blueberry___healthy,0,0,0,2,86,2,0,0,0,0,0,0,0,0,0,0,0,0,0,2,0,0,4,0,1,0,0,1,0,0,0,0,0,0,0,0,0,0
Cherry_(including_sour)___Powdery_mildew,0,0,0,1,1,89,0,0,0,0,0,0,0,0,0,0,0,0,1,2,1,0,0,0,0,0,0,0,0,0,0,2,0,0,0,2,0,0
Cherry_(including_sour)___healthy,0,0,0,0,0,0,100,0,0,0,0,0,0,0,0,0,0,0,0,0,0,0,0,0,0,0,0,0,0,0,0,0,0,0,0,0,0,0
Corn_(maize)___Cercospora_leaf_spot Gray_leaf_spot,0,0,0,0,0,0,0,49,10,39,0,0,0,0,0,0,0,0,0,0,2,0,0,0,0,0,0,0,0,0,0,0,0,0,0,0,0,0
Corn_(maize)___Common_rust_,0,0,0,0,0,0,0,1,96,0,0,0,0,1,0,0,0,0,0,0,1,0,0,0,0,0,0,0,0,0,0,0,0,0,0,0,0,0
Corn_(maize)___Northern_Leaf_Blight,0,0,0,0,0,0,0,12,4,81,0,0,0,0,0,0,1,0,1,0,0,0,0,0,0,0,1,0,0,0,0,0,0,0,0,0,0,0
Corn_(maize)___healthy,0,0,0,0,0,0,0,0,2,9,89,0,0,0,0,0,0,0,0,0,0,0,0,0,0,0,0,0,0,0,0,0,0,0,0,0,0,0
Grape___Black_rot,0,0,0,0,0,0,0,0,0,0,0,67,31,0,2,0,0,0,0,0,0,0,0,0,0,0,0,0,0,0,0,0,0,0,0,0,0,0
Grape___Esca_(Black_Measles),0,0,0,0,0,0,0,0,0,0,0,5,95,0,0,0,0,0,0,0,0,0,0,0,0,0,0,0,0,0,0,0,0,0,0,0,0,0
Grape___Leaf_blight_(Isariopsis_Leaf_Spot),0,0,0,0,0,0,0,0,0,0,0,0,2,88,4,0,0,0,0,0,4,0,0,1,0,0,3,0,0,0,0,0,0,0,0,0,0,0
Grape___healthy,0,1,0,0,0,0,0,0,0,0,0,0,0,0,81,0,0,0,0,0,0,1,0,0,1,0,0,0,0,0,0,0,0,0,0,0,0,0
Orange___Haunglongbing_(Citrus_greening),0,0,0,0,1,3,2,0,0,0,0,0,0,0,0,81,0,2,0,11,0,0,0,0,1,0,0,0,0,0,0,0,0,0,0,0,0,0
Peach___Bacterial_spot,0,0,0,0,0,1,0,0,0,0,0,0,0,0,0,0,72,21,2,3,1,0,0,0,0,0,0,0,0,0,0,0,0,0,0,0,0,0
Peach___healthy,0,0,0,1,0,0,0,0,0,0,0,0,0,0,0,0,0,70,0,1,0,0,0,0,0,0,0,0,0,0,0,0,0,0,0,0,0,0
"Pepper,_bell___Bacterial_spot",0,1,1,0,0,1,0,0,0,0,0,0,0,0,0,1,1,0,79,11,3,0,0,1,0,0,0,0,0,0,1,0,0,0,0,0,0,0
"Pepper,_bell___healthy",0,0,0,0,1,0,3,0,0,0,0,0,0,0,0,0,0,0,1,94,0,0,0,0,0,0,0,0,0,0,0,0,0,0,1,0,0,0
Potato___Early_blight,0,4,1,0,0,0,0,0,0,0,0,0,0,0,0,0,0,0,0,0,94,0,0,0,0,0,0,0,0,0,0,0,1,0,0,0,0,0
Potato___Late_blight,0,1,0,1,1,0,0,0,0,0,0,0,0,0,0,0,3,0,2,1,8,73,4,0,1,0,0,0,1,0,1,1,0,1,1,0,0,0
Potato___healthy,0,0,0,0,0,0,0,0,0,0,0,0,0,0,0,0,0,0,0,0,0,1,28,0,2,0,0,0,0,0,0,0,0,0,0,0,0,0
Raspberry___healthy,0,0,0,0,0,0,0,0,0,0,0,0,0,0,0,0,0,1,0,0,0,0,0,72,0,0,0,1,0,0,0,0,0,0,0,0,0,0
Soybean___healthy,0,1,0,2,0,0,11,0,0,0,0,0,0,0,0,1,0,0,0,4,0,0,5,0,75,0,0,0,0,0,0,0,0,0,0,0,0,1
Squash___Powdery_mildew,6,0,0,0,0,0,0,0,0,0,0,1,0,0,0,0,0,0,0,0,0,0,0,0,0,27,0,1,2,0,2,0,0,0,1,0,0,0
Strawberry___Leaf_scorch,0,0,2,0,0,0,0,0,0,0,0,1,2,4,0,0,0,0,0,0,2,0,0,0,0,0,89,0,0,0,0,0,0,0,0,0,0,0
Strawberry___healthy,0,0,1,0,0,0,0,0,0,0,0,0,0,0,0,0,0,0,0,0,0,1,0,0,0,0,0,90,0,0,0,0,0,0,0,0,0,0
Tomato___Bacterial_spot,0,0,0,0,0,0,0,0,0,0,0,0,0,0,0,1,0,0,0,2,1,0,0,0,0,0,2,0,59,15,1,2,1,0,15,0,0,1
Tomato___Early_blight,0,1,0,1,0,1,0,0,0,0,0,0,0,4,0,0,1,1,1,0,4,0,0,0,0,0,0,0,5,22,16,11,8,1,18,3,0,2
Tomato___Late_blight,1,0,0,0,0,2,0,0,1,0,0,0,0,1,0,0,2,2,0,0,0,0,0,0,0,0,0,0,0,6,60,16,0,3,6,0,0,0
Tomato___Leaf_Mold,0,0,0,0,0,1,0,0,0,0,0,0,0,0,0,0,1,0,0,0,0,0,0,0,0,0,0,0,4,2,7,69,0,6,6,1,3,0
Tomato___Septoria_leaf_spot,0,1,0,0,0,1,0,0,0,0,0,0,1,0,0,0,1,0,1,0,3,0,0,0,0,0,3,0,15,14,2,7,34,0,13,1,2,1
Tomato___Spider_mites Two-spotted_spider_mite,0,1,0,0,0,0,0,0,0,0,0,0,0,0,0,0,0,0,1,0,1,1,0,0,0,0,0,0,0,0,3,2,0,48,28,0,0,15
Tomato___Target_Spot,0,1,0,0,0,0,0,0,0,0,0,0,0,0,0,0,0,0,1,1,0,0,0,0,0,0,0,0,5,0,0,0,0,6,79,1,0,6
Tomato___Tomato_Yellow_Leaf_Curl_Virus,0,0,0,0,0,3,0,0,0,0,0,0,0,0,0,0,0,0,0,0,0,0,0,0,0,0,0,0,2,1,3,3,0,0,1,86,0,1
Tomato___Tomato_mosaic_virus,0,0,0,0,0,0,0,0,0,0,0,0,0,0,0,0,0,0,0,0,0,0,0,0,0,0,0,0,0,1,0,12,1,8,4,1,46,1
Tomato___healthy,0,0,0,0,0,0,3,0,0,0,0,0,0,0,0,0,0,0,0,0,0,0,0,1,2,0,0,0,0,0,0,1,0,9,26,0,0,58
